{"cameraMode":{"drawMode":0,"name":"Shaded","section":"Shading Mode"},"sceneLighting":true,"audioPlay":false,"sceneViewState":{"showFog":true,"showMaterialUpdate":false,"showSkybox":true,"showFlares":true,"showImageEffects":true,"showParticleSystems":true},"in2DMode":false,"pivot":{"x":8.810956954956055,"y":-3.4721059799194338,"z":-5.575540542602539},"rotation":{"x":-0.42032119631767275,"y":-0.006263344082981348,"z":0.002901290776208043,"w":-0.9073503017425537},"size":4.50978946685791,"orthographic":false}