{"cameraMode":{"drawMode":0,"name":"Shaded","section":"Shading Mode"},"sceneLighting":true,"audioPlay":false,"sceneViewState":{"showFog":true,"showMaterialUpdate":false,"showSkybox":true,"showFlares":true,"showImageEffects":true,"showParticleSystems":true},"in2DMode":false,"pivot":{"x":0.1759280264377594,"y":1.4023785591125489,"z":-9.791475296020508},"rotation":{"x":-0.18801003694534303,"y":0.04182353988289833,"z":-0.008013581857085228,"w":-0.981243371963501},"size":0.7656592726707459,"orthographic":false}